Keyword,homelight.com,themortgagereports.com,quickenloans.com,bhhs.com,upnest.com,Search Volume,Keyword Difficulty,CPC,Competition,Results,Keyword Intents,homelight.com (pages),themortgagereports.com (pages),quickenloans.com (pages),bhhs.com (pages),upnest.com (pages)
sell your home,10,59,96,45,68,1900,88,38.28,0.44,10740000000,commercial,https://www.homelight.com/blog/need-to-sell-my-house-fast/,https://themortgagereports.com/42639/what-does-a-real-estate-agent-do-to-sell-your-home,https://www.quickenloans.com/learn/how-to-sell-your-house-yourself-guide,https://www.bhhs.com/sell-your-home,https://www.upnest.com/1/post/9-strategies-to-sell-your-home-above-list-price/
find a real estate agent,5,36,18,37,99,1600,80,14.34,0.87,355000000,commercial,https://www.homelight.com/blog/find-a-realtor/,https://themortgagereports.com/67602/how-to-find-a-great-real-estate-agent,https://www.quickenloans.com/learn/how-to-find-the-right-real-estate-agent,https://www.bhhs.com/agent-office-search,https://www.upnest.com/1/post/how-to-find-a-realtor-who-understands-investment-properties/
value my home,10,85,42,71,87,1600,88,2.78,0.61,6930000000,informational,https://www.homelight.com/home-value-estimator,https://themortgagereports.com/42630/how-does-a-real-estate-agent-set-my-home-asking-price,https://www.quickenloans.com/learn/how-much-is-my-house-worth,https://www.bhhs.com/home-value,https://www.upnest.com/1/post/how-to-determine-your-homes-value-when-selling/
sell a home,8,95,63,52,66,1300,88,27.19,0.28,7660000000,commercial,https://www.homelight.com/blog/guide-how-to-sell-a-house/,https://themortgagereports.com/44135/whats-the-best-time-of-year-to-sell-a-home,https://www.quickenloans.com/learn/should-i-sell-my-house-now,https://www.bhhs.com/sell-your-home,https://www.upnest.com/1/post/9-strategies-to-sell-your-home-above-list-price/
find real estate agents,6,44,29,80,74,1000,80,14.34,0.87,219000000,commercial,https://www.homelight.com/blog/find-a-realtor/,https://themortgagereports.com/67602/how-to-find-a-great-real-estate-agent,https://www.quickenloans.com/learn/how-to-find-the-right-real-estate-agent,https://www.bhhs.com/agent-office-search,https://www.upnest.com/
finding a real estate agent,12,55,28,82,68,880,76,14.34,0.87,68900000,"commercial, informational",https://www.homelight.com/blog/find-a-realtor/,https://themortgagereports.com/67602/how-to-find-a-great-real-estate-agent,https://www.quickenloans.com/learn/how-to-find-the-right-real-estate-agent,https://www.bhhs.com/agent-office-search,https://www.upnest.com/1/post/how-to-find-a-realtor-who-understands-investment-properties/
find real estate agent,6,24,16,97,60,720,77,14.34,0.87,304000000,commercial,https://www.homelight.com/blog/find-a-realtor/,https://themortgagereports.com/67602/how-to-find-a-great-real-estate-agent,https://www.quickenloans.com/learn/how-to-find-the-right-real-estate-agent,https://www.bhhs.com/agent-office-search,https://www.upnest.com/
buyers agent near me,8,52,18,62,45,590,70,17.01,0.93,61100000,transactional,https://www.homelight.com/blog/buyer-how-to-find-a-buyers-agent/,https://themortgagereports.com/19533/first-time-home-buyers-guide-using-a-real-estate-agent-sp16i,https://www.quickenloans.com/learn/buyers-agent,https://www.bhhs.com/agent-office-search,https://www.upnest.com/1/post/buyers-agent-agreement/
check my home value,5,40,38,73,94,390,83,3.77,0.58,3710000000,informational,https://www.homelight.com/home-value-estimator,https://themortgagereports.com/22633/whats-my-house-worth,https://www.quickenloans.com/learn/how-much-is-my-house-worth,https://www.bhhs.com/home-value,https://www.upnest.com/1/post/zillow-estimate/
buyers agents near me,9,60,10,44,54,260,46,17.01,0.93,63500000,transactional,https://www.homelight.com/blog/buyer-how-to-find-a-buyers-agent/,https://themortgagereports.com/37898/how-much-do-real-estate-agents-make-from-my-home-purchase-and-who-pays,https://www.quickenloans.com/learn/buyers-agent,https://www.bhhs.com/agent-office-search,https://www.upnest.com/1/post/buyers-agent-agreement/
find a buyer's agent near me,2,52,7,51,31,210,75,0.00,0,72300000,transactional,https://www.homelight.com/blog/buyer-how-to-find-a-buyers-agent/,https://themortgagereports.com/37898/how-much-do-real-estate-agents-make-from-my-home-purchase-and-who-pays,https://www.quickenloans.com/learn/buyers-agent,https://www.bhhs.com/agent-office-search,https://www.upnest.com/1/post/ideal-agent-reviews/
find real estate,23,62,53,84,35,210,100,3.94,0.35,1560000000,commercial,https://www.homelight.com/blog/find-a-realtor/,https://themortgagereports.com/67602/how-to-find-a-great-real-estate-agent,https://www.quickenloans.com/learn/how-to-find-the-right-real-estate-agent,https://www.bhhs.com/,https://www.upnest.com/1/post/real-estate-websites-buyers/
home values website,13,25,89,60,44,210,82,2.23,0.55,4630000000,informational,https://www.homelight.com/blog/buyer-most-accurate-home-value-website/,https://themortgagereports.com/25508/how-reliable-are-online-home-value-estimators,https://www.quickenloans.com/learn/how-much-is-my-house-worth,https://www.bhhs.com/home-value,https://www.upnest.com/1/post/zillow-estimate/
real estate agent find,6,31,33,35,60,210,78,14.34,0.87,462000000,commercial,https://www.homelight.com/blog/find-a-realtor/,https://themortgagereports.com/67602/how-to-find-a-great-real-estate-agent,https://www.quickenloans.com/learn/how-to-find-the-right-real-estate-agent,https://www.bhhs.com/agent-office-search,https://www.upnest.com/1/post/how-to-find-a-realtor-who-understands-investment-properties/
sell your homes,9,48,53,83,76,210,87,41.84,0.47,2160000000,informational,https://www.homelight.com/,https://themortgagereports.com/42639/what-does-a-real-estate-agent-do-to-sell-your-home,https://www.quickenloans.com/learn/how-to-sell-your-house-yourself-guide,https://www.bhhs.com/sell-your-home,https://www.upnest.com/1/post/should-you-sell-your-house-for-cash/
find agent real estate,9,73,67,30,57,170,82,14.34,0.87,284000000,commercial,https://www.homelight.com/blog/find-a-realtor/,https://themortgagereports.com/67602/how-to-find-a-great-real-estate-agent,https://www.quickenloans.com/learn/how-to-find-the-right-real-estate-agent,https://www.bhhs.com/agent-office-search,https://www.upnest.com/
home relator,12,13,62,18,87,170,100,5.11,0.53,156000000,navigational,https://www.homelight.com/blog/how-to-sell-a-house-with-a-realtor/,https://themortgagereports.com/89394/why-you-need-a-realtor-to-buy-a-house,https://www.quickenloans.com/learn/should-you-buy-a-home-without-a-real-estate-agent,https://www.bhhs.com/,https://www.upnest.com/1/post/realtor-vs-fsbo/
home value companies,9,61,93,97,37,170,81,4.92,0.64,1900000000,informational,https://www.homelight.com/blog/buyer-most-accurate-home-value-website/,https://themortgagereports.com/25508/how-reliable-are-online-home-value-estimators,https://www.quickenloans.com/learn/home-appraisal,https://www.bhhs.com/home-value,https://www.upnest.com/1/post/cash-for-house/
listing agent near me,5,55,98,80,64,170,75,18.13,0.75,107000000,transactional,https://www.homelight.com/find-real-estate-agents,https://themortgagereports.com/71384/real-estate-broker-vs-agent-vs-realtor,https://www.quickenloans.com/learn/buyers-agent,https://www.bhhs.com/agent-office-search,https://www.upnest.com/1/post/ideal-agent-reviews/
real estate agent services,18,57,44,41,77,170,53,9.38,0.33,274000000,commercial,https://www.homelight.com/blog/limited-service-real-estate-agent/,https://themortgagereports.com/42637/how-to-hire-the-best-real-estate-agent-to-sell-your-home,https://www.quickenloans.com/learn/listing-agent,https://www.bhhs.com/agent-office-search,https://www.upnest.com/1/post/biggest-real-estate-companies/
sell you house,10,72,66,83,60,170,89,31.01,0.42,10800000000,commercial,https://www.homelight.com/blog/guide-how-to-sell-a-house/,https://themortgagereports.com/42639/what-does-a-real-estate-agent-do-to-sell-your-home,https://www.quickenloans.com/learn/buy-and-sell-home,https://www.bhhs.com/sell-your-home,https://www.upnest.com/1/post/9-strategies-to-sell-your-home-above-list-price/
find home agent,8,36,30,63,70,140,76,0.00,0,2330000000,"commercial, informational",https://www.homelight.com/blog/find-a-realtor/,https://themortgagereports.com/37093/do-i-need-a-real-estate-agent,https://www.quickenloans.com/learn/buyers-agent,https://www.bhhs.com/agent-office-search,https://www.upnest.com/
find real estate agents near me,8,71,95,50,63,140,74,20.79,0.75,1980000000,transactional,https://www.homelight.com/find-real-estate-agents,https://themortgagereports.com/67602/how-to-find-a-great-real-estate-agent,https://www.quickenloans.com/learn/how-to-find-the-right-real-estate-agent,https://www.bhhs.com/agent-office-search,https://www.upnest.com/1/post/how-to-find-a-realtor-who-understands-investment-properties/
my home price,9,49,93,55,74,140,85,4.35,0.57,7090000000,commercial,https://www.homelight.com/home-value-estimator,https://themortgagereports.com/42630/how-does-a-real-estate-agent-set-my-home-asking-price,https://www.quickenloans.com/learn/price-per-square-foot,https://www.bhhs.com/home-value,https://www.upnest.com/1/post/zillow-estimate/
appraisal calculator home,8,63,74,89,99,110,83,2.85,0.64,20300000,commercial,https://www.homelight.com/home-value-estimator,https://themortgagereports.com/25508/how-reliable-are-online-home-value-estimators,https://www.quickenloans.com/learn/how-much-is-my-house-worth,https://www.bhhs.com/home-value,https://www.upnest.com/1/post/zillow-estimate/
best home buying app 2020,10,78,69,44,39,110,70,3.86,0.45,692000000,commercial,https://www.homelight.com/blog/buyer-house-buying-apps/,https://themortgagereports.com/46587/guide-to-buying-a-house-in-your-20s,https://www.quickenloans.com/learn/10-virtual-staging-apps-help-get-ahead-curve,https://www.bhhs.com/,https://www.upnest.com/1/post/zillow-offers-reviews/
buyer agents near me,5,36,25,46,52,110,71,17.01,0.93,53100000,transactional,https://www.homelight.com/find-real-estate-agents/buying,https://themortgagereports.com/37898/how-much-do-real-estate-agents-make-from-my-home-purchase-and-who-pays,https://www.quickenloans.com/learn/buyers-agent,https://www.bhhs.com/agent-office-search,https://www.upnest.com/1/post/buyers-agent-agreement/
how to price your home for sale,3,79,94,91,58,110,64,3.32,0.4,2920000000,"informational, transactional",https://www.homelight.com/blog/pricing-your-home-to-sell/,https://themortgagereports.com/44135/whats-the-best-time-of-year-to-sell-a-home,https://www.quickenloans.com/learn/selling-a-house-to-a-family-member,https://www.bhhs.com/sell-your-home/preparing-for-sale,https://www.upnest.com/1/post/how-to-find-out-how-much-a-house-sold-for/
listing your home,6,84,65,53,66,110,78,18.20,0.5,2010000000,informational,https://www.homelight.com/blog/guide-how-to-sell-a-house/,https://themortgagereports.com/42639/what-does-a-real-estate-agent-do-to-sell-your-home,https://www.quickenloans.com/learn/timeline-for-selling-a-house,https://www.bhhs.com/sell-your-home,https://www.upnest.com/1/post/should-you-sell-your-house-for-cash/
buyer's agent near me,8,61,15,42,26,90,62,17.01,0.93,26400000,transactional,https://www.homelight.com/blog/buyer-how-to-find-a-buyers-agent/,https://themortgagereports.com/19533/first-time-home-buyers-guide-using-a-real-estate-agent-sp16i,https://www.quickenloans.com/learn/buyers-agent,https://www.bhhs.com/agent-office-search,https://www.upnest.com/1/post/ideal-agent-reviews/
estimated appraisal value of my home,8,62,54,88,76,90,83,3.77,0.28,18100000,informational,https://www.homelight.com/home-value-estimator,https://themortgagereports.com/25508/how-reliable-are-online-home-value-estimators,https://www.quickenloans.com/learn/home-appraisal,https://www.bhhs.com/home-value,https://www.upnest.com/1/post/zillow-estimate/
find a real estate agent near me,7,98,75,51,16,90,69,19.98,0.97,249000000,transactional,https://www.homelight.com/find-real-estate-agents,https://themortgagereports.com/71384/real-estate-broker-vs-agent-vs-realtor,https://www.quickenloans.com/learn/how-to-find-the-right-real-estate-agent,https://www.bhhs.com/agent-office-search,https://www.upnest.com/1/post/best-real-estate-agent-near-me/
house sold in my neighborhood,3,80,92,58,6,90,64,1.46,0.4,532000000,informational,https://www.homelight.com/blog/houses-sold-near-me/,https://themortgagereports.com/70484/how-much-over-asking-price-should-you-offer-on-a-house,https://www.quickenloans.com/learn/real-estate-comps,https://www.bhhs.com/,https://www.upnest.com/1/post/how-to-find-out-how-much-a-house-sold-for/
1 listing agent near me,30,45,81,64,37,70,67,18.36,0.63,186000000,transactional,https://www.homelight.com/blog/2-percent-real-estate-commission/,https://themortgagereports.com/37898/how-much-do-real-estate-agents-make-from-my-home-purchase-and-who-pays,https://www.quickenloans.com/learn/should-you-buy-a-home-without-a-real-estate-agent,https://www.bhhs.com/agent-office-search,https://www.upnest.com/1/post/why-you-should-always-interview-more-than-one-real-estate-agent/
find real estate agent near me,7,89,76,54,19,70,72,19.98,0.97,710000000,transactional,https://www.homelight.com/find-real-estate-agents,https://themortgagereports.com/19533/first-time-home-buyers-guide-using-a-real-estate-agent-sp16i,https://www.quickenloans.com/learn/how-to-find-the-right-real-estate-agent,https://www.bhhs.com/agent-office-search,https://www.upnest.com/1/post/best-real-estate-agent-near-me/
local real estate agent near me,9,49,74,45,51,70,75,10.79,0.71,464000000,transactional,https://www.homelight.com/find-real-estate-agents,https://themortgagereports.com/37898/how-much-do-real-estate-agents-make-from-my-home-purchase-and-who-pays,https://www.quickenloans.com/learn/should-you-buy-a-home-without-a-real-estate-agent,https://www.bhhs.com/agent-office-search,https://www.upnest.com/1/post/biggest-real-estate-companies/
sell our house,11,72,38,89,63,70,87,40.58,0.44,2270000000,commercial,https://www.homelight.com/blog/guide-how-to-sell-a-house/,https://themortgagereports.com/42639/what-does-a-real-estate-agent-do-to-sell-your-home,https://www.quickenloans.com/learn/how-to-sell-your-house-yourself-guide,https://www.bhhs.com/sell-your-home,https://www.upnest.com/1/post/9-strategies-to-sell-your-home-above-list-price/
find a agent for real estate,10,45,43,42,86,50,80,14.34,0.87,268000000,commercial,https://www.homelight.com/blog/find-a-realtor/,https://themortgagereports.com/67602/how-to-find-a-great-real-estate-agent,https://www.quickenloans.com/learn/how-to-find-the-right-real-estate-agent,https://www.bhhs.com/agent-office-search,https://www.upnest.com/1/post/how-to-find-a-realtor-who-understands-investment-properties/
home value site,13,38,55,46,52,50,74,1.88,0.47,4850000000,commercial,https://www.homelight.com/blog/buyer-most-accurate-home-value-website/,https://themortgagereports.com/25508/how-reliable-are-online-home-value-estimators,https://www.quickenloans.com/learn/how-much-is-my-house-worth,https://www.bhhs.com/home-value,https://www.upnest.com/1/post/zillow-estimate/
house sale agents,4,29,62,85,33,50,100,6.93,0.72,245000000,commercial,https://www.homelight.com/,https://themortgagereports.com/37898/how-much-do-real-estate-agents-make-from-my-home-purchase-and-who-pays,https://www.quickenloans.com/learn/what-does-a-real-estate-agent-do,https://www.bhhs.com/,https://www.upnest.com/1/post/why-you-should-always-interview-more-than-one-real-estate-agent/
how to find houses,7,55,43,93,64,50,95,1.59,0.33,0,informational,https://www.homelight.com/blog/buyer-how-to-find-houses-for-rent/,https://themortgagereports.com/87826/what-to-look-for-when-buying-a-house,https://www.quickenloans.com/learn/how-do-you-know-when-youve-found-the-right-house,https://www.bhhs.com/,https://www.upnest.com/1/post/zillow-show-all-houses-sale/
real estate sellers,16,19,68,73,21,50,78,9.21,0.24,125000000,commercial,https://www.homelight.com/,https://themortgagereports.com/37898/how-much-do-real-estate-agents-make-from-my-home-purchase-and-who-pays,https://www.quickenloans.com/learn/what-does-a-real-estate-agent-do,https://www.bhhs.com/elite-real-estate-ut302/sellers,https://www.upnest.com/1/post/30-top-real-estate-agents-share-their-best-advice-for-home-sellers/
sell our home,8,48,80,38,66,50,84,32.54,0.62,13660000000,informational,https://www.homelight.com/blog/need-to-sell-my-house-fast/,https://themortgagereports.com/42639/what-does-a-real-estate-agent-do-to-sell-your-home,https://www.quickenloans.com/learn/how-to-sell-your-house-yourself-guide,https://www.bhhs.com/sell-your-home,https://www.upnest.com/1/post/9-strategies-to-sell-your-home-above-list-price/
buyers real estate agent near me,9,50,10,63,56,40,73,14.40,0.84,0,transactional,https://www.homelight.com/blog/buyer-how-to-find-a-buyers-agent/,https://themortgagereports.com/71384/real-estate-broker-vs-agent-vs-realtor,https://www.quickenloans.com/learn/buyers-agent,https://www.bhhs.com/agent-office-search,https://www.upnest.com/1/post/why-you-should-always-interview-more-than-one-real-estate-agent/
house agents near me,22,60,69,71,55,40,70,3.93,0.4,672000000,transactional,https://www.homelight.com/find-real-estate-agents,https://themortgagereports.com/37898/how-much-do-real-estate-agents-make-from-my-home-purchase-and-who-pays,https://www.quickenloans.com/learn/what-does-a-real-estate-agent-do,https://www.bhhs.com/agent-office-search,https://www.upnest.com/1/post/why-you-should-always-interview-more-than-one-real-estate-agent/
house selling agents near me,7,28,66,58,41,40,66,27.81,0.8,155000000,transactional,https://www.homelight.com/,https://themortgagereports.com/37898/how-much-do-real-estate-agents-make-from-my-home-purchase-and-who-pays,https://www.quickenloans.com/learn/what-does-a-real-estate-agent-do,https://www.bhhs.com/,https://www.upnest.com/1/post/biggest-real-estate-companies/
look up homes,39,63,48,62,40,40,100,0.95,0.31,1430000000,commercial,https://www.homelight.com/blog/houses-sold-near-me/,https://themortgagereports.com/87826/what-to-look-for-when-buying-a-house,https://www.quickenloans.com/learn/things-look-shopping-next-home,https://www.bhhs.com/,https://www.upnest.com/1/post/real-estate-websites-buyers/
online home buying sites,10,76,36,56,11,40,100,20.36,0.73,2430000000,transactional,https://www.homelight.com/blog/best-real-estate-websites/,https://themortgagereports.com/73664/should-i-buy-a-house-sight-unseen,https://www.quickenloans.com/learn/buy-house-online,https://www.bhhs.com/,https://www.upnest.com/1/post/real-estate-websites-buyers/
real estate next move,49,68,98,85,60,40,45,0.00,0.12,651000000,informational,https://www.homelight.com/blog/guide-how-to-sell-a-house/,https://themortgagereports.com/91167/is-buying-a-house-a-waste-of-money-in-2022,https://www.quickenloans.com/learn/what-to-expect-after-accepting-an-offer-on-your-home,https://www.bhhs.com/,https://www.upnest.com/1/post/how-recent-stock-market-drops-can-affect-real-estate/
real home value,4,33,71,94,67,40,84,2.40,0.57,4130000000,informational,https://www.homelight.com/home-value-estimator,https://themortgagereports.com/25508/how-reliable-are-online-home-value-estimators,https://www.quickenloans.com/learn/how-much-is-my-house-worth,https://www.bhhs.com/home-value,https://www.upnest.com/1/post/zillow-estimate/
realtor agents in my area,6,72,36,79,24,40,95,14.53,0.38,43600000,navigational,https://www.homelight.com/find-real-estate-agents,https://themortgagereports.com/71384/real-estate-broker-vs-agent-vs-realtor,https://www.quickenloans.com/learn/what-does-a-real-estate-agent-do,https://www.bhhs.com/agent-office-search,https://www.upnest.com/1/post/why-you-should-always-interview-more-than-one-real-estate-agent/
taking house off the market rules,2,60,54,41,6,40,45,7.72,0.14,680000000,informational,https://www.homelight.com/blog/can-you-take-your-house-off-the-market/,https://themortgagereports.com/77382/beat-cash-offer-on-house-7-strategies,https://www.quickenloans.com/learn/selling-a-house-to-a-family-member,https://www.bhhs.com/about/newsroom/wsj/the-new-rules-of-real-estate,https://www.upnest.com/1/post/off-market-properties/
2 your home,6,71,20,16,52,30,100,1.40,0.24,22120000000,navigational,https://www.homelight.com/,https://themortgagereports.com/37715/home-inspection-checklist-what-to-expect-on-inspection-day,https://www.quickenloans.com/learn/how-to-sell-your-house-yourself-guide,https://www.bhhs.com/,https://www.upnest.com/1/post/should-you-sell-your-house-for-cash/
agencies that sell houses,3,39,22,100,23,30,89,0.00,0.64,36800000,commercial,https://www.homelight.com/,https://themortgagereports.com/42639/what-does-a-real-estate-agent-do-to-sell-your-home,https://www.quickenloans.com/learn/listing-agent,https://www.bhhs.com/,https://www.upnest.com/1/post/biggest-real-estate-companies/
buyer agent near me,8,62,15,56,48,30,66,15.57,0.69,50000000,transactional,https://www.homelight.com/find-real-estate-agents,https://themortgagereports.com/19533/first-time-home-buyers-guide-using-a-real-estate-agent-sp16i,https://www.quickenloans.com/learn/buyers-agent,https://www.bhhs.com/agent-office-search,https://www.upnest.com/1/post/ideal-agent-reviews/
can i change realtors as a buyer,13,24,46,95,90,30,45,5.38,0.21,23300000,informational,https://www.homelight.com/blog/buyer-how-to-fire-my-real-estate-agent/,https://themortgagereports.com/37074/fire-your-real-estate-agent,https://www.quickenloans.com/learn/should-you-buy-a-home-without-a-real-estate-agent,https://www.bhhs.com/stovall-realtors-tx321/real-estate-faqs2,https://www.upnest.com/1/post/how-to-negotiate-a-home-buyer-rebate-with-real-estate-agents/
check comparable home sales,4,88,20,59,53,30,68,2.85,0.67,34900000,informational,https://www.homelight.com/blog/comps-for-my-house/,https://themortgagereports.com/42630/how-does-a-real-estate-agent-set-my-home-asking-price,https://www.quickenloans.com/learn/real-estate-comps,https://www.bhhs.com/,https://www.upnest.com/1/post/how-to-find-out-how-much-a-house-sold-for/
comparable houses sold in my area,4,49,15,57,12,30,69,3.79,0.49,30000000,informational,https://www.homelight.com/blog/comps-for-my-house/,https://themortgagereports.com/42630/how-does-a-real-estate-agent-set-my-home-asking-price,https://www.quickenloans.com/learn/real-estate-comps,https://www.bhhs.com/,https://www.upnest.com/1/post/how-to-find-out-how-much-a-house-sold-for/
comparable sales in my area,3,100,16,74,44,30,68,4.23,0.59,80000000,informational,https://www.homelight.com/blog/comps-for-my-house/,https://themortgagereports.com/42630/how-does-a-real-estate-agent-set-my-home-asking-price,https://www.quickenloans.com/learn/real-estate-comps,https://www.bhhs.com/,https://www.upnest.com/1/post/how-to-find-out-how-much-a-house-sold-for/
find comparable homes sold,3,78,22,71,20,30,69,2.67,0.57,375000000,informational,https://www.homelight.com/blog/comps-for-my-house/,https://themortgagereports.com/12508/my-home-appraised-too-low-appraisal,https://www.quickenloans.com/learn/real-estate-comps,https://www.bhhs.com/,https://www.upnest.com/1/post/how-to-find-out-how-much-a-house-sold-for/
find price of your home,7,61,45,72,35,30,82,5.90,0.64,7270000000,informational,https://www.homelight.com/home-value-estimator,https://themortgagereports.com/12508/my-home-appraised-too-low-appraisal,https://www.quickenloans.com/learn/price-per-square-foot,https://www.bhhs.com/,https://www.upnest.com/1/post/how-to-find-out-how-much-a-house-sold-for/
find real estate brokers,4,58,62,100,93,30,75,9.26,0.98,220000000,commercial,https://www.homelight.com/blog/find-a-realtor/,https://themortgagereports.com/67602/how-to-find-a-great-real-estate-agent,https://www.quickenloans.com/learn/how-to-find-the-right-real-estate-agent,https://www.bhhs.com/agent-office-search,https://www.upnest.com/1/post/how-to-find-a-realtor-who-understands-investment-properties/
find recent comparable home sales,4,95,31,82,22,30,68,3.48,0.43,139000000,informational,https://www.homelight.com/blog/comps-for-my-house/,https://themortgagereports.com/42630/how-does-a-real-estate-agent-set-my-home-asking-price,https://www.quickenloans.com/learn/real-estate-comps,https://www.bhhs.com/,https://www.upnest.com/1/post/how-to-find-out-how-much-a-house-sold-for/
fix me up homes for sale,22,74,40,54,38,30,58,1.39,0.54,51400000,transactional,https://www.homelight.com/blog/how-to-sell-a-fixer-upper-house-fast/,https://themortgagereports.com/42630/how-does-a-real-estate-agent-set-my-home-asking-price,https://www.quickenloans.com/learn/buying-a-fixer-upper,https://www.bhhs.com/,https://www.upnest.com/1/post/fixer-upper-vs-move-in-ready/
home value realty,21,45,62,30,79,30,63,6.52,0.08,52000000,commercial,https://www.homelight.com/home-value-estimator,https://themortgagereports.com/42630/how-does-a-real-estate-agent-set-my-home-asking-price,https://www.quickenloans.com/learn/how-to-increase-home-value,https://www.bhhs.com/home-value,https://www.upnest.com/1/post/zillow-estimate/
house buyer network,16,70,84,92,26,30,37,15.61,0.54,46600000,navigational,https://www.homelight.com/blog/why-do-i-keep-getting-offers-on-my-house/,https://themortgagereports.com/73664/should-i-buy-a-house-sight-unseen,https://www.quickenloans.com/learn/3-reasons-open-houses-work,https://www.bhhs.com/buy-a-home/first-time-buyers,https://www.upnest.com/1/post/we-buy-houses-for-cash-companies-reviews-what-you-need-to-know/
how much have houses sold for near me,3,47,97,44,6,30,69,1.42,0.46,1500000000,"informational, transactional",https://www.homelight.com/blog/houses-sold-near-me/,https://themortgagereports.com/70484/how-much-over-asking-price-should-you-offer-on-a-house,https://www.quickenloans.com/learn/need-know-buying-home,https://www.bhhs.com/,https://www.upnest.com/1/post/how-to-find-out-how-much-a-house-sold-for/
how to find property before it goes on the market,3,83,48,75,85,30,42,2.16,0.82,2360000000,informational,https://www.homelight.com/blog/buyer-how-to-buy-a-house-before-its-listed-on-mls/,https://themortgagereports.com/36663/making-an-offer-on-a-home-without-seeing-it-first,https://www.quickenloans.com/learn/under-contract,https://www.bhhs.com/,https://www.upnest.com/1/post/property-history-search/
list of local real estate agents,6,46,74,78,42,30,82,11.10,0.73,999000000,commercial,https://www.homelight.com/find-real-estate-agents,https://themortgagereports.com/37898/how-much-do-real-estate-agents-make-from-my-home-purchase-and-who-pays,https://www.quickenloans.com/learn/what-does-a-real-estate-agent-do,https://www.bhhs.com/agent-office-search,https://www.upnest.com/1/post/biggest-real-estate-companies/
listing a home,9,90,51,65,39,30,78,17.28,0.59,21390000000,informational,https://www.homelight.com/blog/guide-how-to-sell-a-house/,https://themortgagereports.com/42630/how-does-a-real-estate-agent-set-my-home-asking-price,https://www.quickenloans.com/learn/listing-agent,https://www.bhhs.com/sell-your-home,https://www.upnest.com/1/post/9-strategies-to-sell-your-home-above-list-price/
listing a house,8,75,52,57,36,30,70,21.54,0.53,930000000,informational,https://www.homelight.com/blog/guide-how-to-sell-a-house/,https://themortgagereports.com/42630/how-does-a-real-estate-agent-set-my-home-asking-price,https://www.quickenloans.com/learn/listing-agent,https://www.bhhs.com/sell-your-home,https://www.upnest.com/1/post/off-market-properties/
mobile al rent to own homes,36,67,60,39,94,30,48,0.42,0.47,344000000,informational,https://www.homelight.com/blog/buyer-how-to-find-rent-to-own-homes/,https://themortgagereports.com/37221/simple-mortgage-definitions-rent-to-own-lease-option,https://www.quickenloans.com/learn/rent-to-own-homes,https://www.bhhs.com/rentals/AL/Mobile?Page=1,https://www.upnest.com/1/post/rent-to-own-homes-california/
new home appraisal calculator,8,86,44,63,96,30,81,4.45,0.86,29000000,informational,https://www.homelight.com/home-value-estimator,https://themortgagereports.com/25508/how-reliable-are-online-home-value-estimators,https://www.quickenloans.com/learn/home-appraisal,https://www.bhhs.com/home-value,https://www.upnest.com/1/post/zillow-estimate/
online house purchase,3,39,51,93,64,30,83,7.98,0.96,1800000000,transactional,https://www.homelight.com/blog/buyer-can-you-buy-a-house-online/,https://themortgagereports.com/49471/you-can-now-buy-a-house-completely-online-with-this-new-platform,https://www.quickenloans.com/learn/things-look-shopping-next-home,https://www.bhhs.com/,https://www.upnest.com/1/post/real-estate-websites-buyers/
real estate agent services list,13,68,20,71,60,30,51,7.45,0.9,156000000,informational,https://www.homelight.com/blog/limited-service-real-estate-agent/,https://themortgagereports.com/42639/what-does-a-real-estate-agent-do-to-sell-your-home,https://www.quickenloans.com/learn/listing-agent,https://www.bhhs.com/agent-office-search,https://www.upnest.com/1/post/why-you-should-always-interview-more-than-one-real-estate-agent/
real estate home value sites,11,59,98,80,54,30,78,6.33,0.74,540000000,informational,https://www.homelight.com/blog/buyer-most-accurate-home-value-website/,https://themortgagereports.com/25508/how-reliable-are-online-home-value-estimators,https://www.quickenloans.com/learn/how-much-is-my-house-worth,https://www.bhhs.com/home-value,https://www.upnest.com/1/post/real-estate-websites-buyers/
realtor agent list,25,99,100,61,70,30,78,7.09,0.71,84300000,transactional,https://www.homelight.com/find-real-estate-agents,https://themortgagereports.com/42639/what-does-a-real-estate-agent-do-to-sell-your-home,https://www.quickenloans.com/learn/what-does-a-real-estate-agent-do,https://www.bhhs.com/agent-office-search,https://www.upnest.com/1/post/biggest-real-estate-companies/
residential real estate agents near me,32,79,84,47,57,30,75,20.94,0.6,1740000000,transactional,https://www.homelight.com/find-real-estate-agents,https://themortgagereports.com/37898/how-much-do-real-estate-agents-make-from-my-home-purchase-and-who-pays,https://www.quickenloans.com/learn/what-does-a-real-estate-agent-do,https://www.bhhs.com/,https://www.upnest.com/1/post/biggest-real-estate-companies/
sell the home,8,43,40,73,18,30,82,85.17,0.54,7380000000,commercial,https://www.homelight.com/blog/guide-how-to-sell-a-house/,https://themortgagereports.com/44135/whats-the-best-time-of-year-to-sell-a-home,https://www.quickenloans.com/learn/buy-and-sell-home,https://www.bhhs.com/sell-your-home,https://www.upnest.com/1/post/when-is-the-best-time-to-sell-a-home/
sell this home,16,77,50,47,61,30,67,15.14,0.33,15240000000,"informational, transactional",https://www.homelight.com/blog/guide-how-to-sell-a-house/,https://themortgagereports.com/44135/whats-the-best-time-of-year-to-sell-a-home,https://www.quickenloans.com/learn/buy-and-sell-home,https://www.bhhs.com/sell-your-home,https://www.upnest.com/1/post/9-strategies-to-sell-your-home-above-list-price/
sell your home com,14,81,49,54,22,30,74,33.98,0.67,8130000000,commercial,https://www.homelight.com/blog/need-to-sell-my-house-fast/,https://themortgagereports.com/42639/what-does-a-real-estate-agent-do-to-sell-your-home,https://www.quickenloans.com/learn/how-to-sell-your-house-yourself-guide,https://www.bhhs.com/sell-your-home,https://www.upnest.com/1/post/how-to-sell-your-home-fast/
sell your home today,4,89,13,51,85,30,79,37.90,0.36,3190000000,informational,https://www.homelight.com/simple,https://themortgagereports.com/40143/when-you-should-sell-your-home,https://www.quickenloans.com/learn/should-i-sell-my-house-now,https://www.bhhs.com/sell-your-home,https://www.upnest.com/1/post/how-to-sell-your-house/
to sell your home,11,48,56,86,44,30,85,63.71,0.66,7020000000,informational,https://www.homelight.com/blog/guide-how-to-sell-a-house/,https://themortgagereports.com/42639/what-does-a-real-estate-agent-do-to-sell-your-home,https://www.quickenloans.com/learn/how-to-sell-your-house-yourself-guide,https://www.bhhs.com/sell-your-home,https://www.upnest.com/1/post/how-to-sell-your-home-fast/
want to buy house near me,35,58,55,45,64,30,100,3.21,0.63,4810000000,transactional,https://www.homelight.com/blog/house-buying-companies/,https://themortgagereports.com/24603/how-to-buy-a-house-with-low-income-in-2017,https://www.quickenloans.com/learn/how-do-you-know-when-youve-found-the-right-house,https://www.bhhs.com/,https://www.upnest.com/1/post/should-you-sell-your-house-for-cash/
what do home sellers want,19,30,74,73,50,30,39,4.76,0.49,465000000,informational,https://www.homelight.com/blog/guide-how-to-sell-a-house/,https://themortgagereports.com/50309/home-sellers-do-less-than-3-hours-of-research,https://www.quickenloans.com/learn/can-a-seller-back-out-of-a-contract,https://www.bhhs.com/elite-real-estate-ut302/sellers,https://www.upnest.com/1/post/do-sellers-always-accept-the-highest-offer/
what do houses sell for in my neighborhood,4,60,93,58,6,30,52,1.07,0.54,681000000,informational,https://www.homelight.com/blog/houses-sold-near-me/,https://themortgagereports.com/49194/how-long-should-you-live-in-a-house-before-selling,https://www.quickenloans.com/learn/housing-season,https://www.bhhs.com/,https://www.upnest.com/1/post/how-to-find-out-how-much-a-house-sold-for/
what is my estimated home value,7,58,60,100,39,30,82,3.52,0.51,475000000,informational,https://www.homelight.com/home-value-estimator,https://themortgagereports.com/25508/how-reliable-are-online-home-value-estimators,https://www.quickenloans.com/learn/how-much-is-my-house-worth,https://www.bhhs.com/home-value,https://www.upnest.com/1/post/zillow-estimate/
when should i lower the price of my house,3,20,83,34,15,30,48,6.64,0.22,4410000000,informational,https://www.homelight.com/blog/how-long-to-wait-before-reducing-house-price/,https://themortgagereports.com/43116/selling-a-home-when-should-you-reduce-the-asking-price,https://www.quickenloans.com/learn/saving-your-home-sale-when-the-appraisal-comes-in-too-low,https://www.bhhs.com/about/newsroom/talking-real-estate/2021/may/reduce-your-homes-price-the-right-way,https://www.upnest.com/1/post/tips-for-dropping-the-asking-price-of-your-home/
when should you lower the price of your home,3,25,88,18,17,30,44,5.06,0.29,3350000000,informational,https://www.homelight.com/blog/how-long-to-wait-before-reducing-house-price/,https://themortgagereports.com/43116/selling-a-home-when-should-you-reduce-the-asking-price,https://www.quickenloans.com/learn/negative-equity,https://www.bhhs.com/about/newsroom/talking-real-estate/2021/may/reduce-your-homes-price-the-right-way,https://www.upnest.com/1/post/tips-for-dropping-the-asking-price-of-your-home/
where to list your home for sale,14,81,32,93,49,30,78,8.33,0.49,3650000000,transactional,https://www.homelight.com/blog/how-to-market-your-house/,https://themortgagereports.com/42630/how-does-a-real-estate-agent-set-my-home-asking-price,https://www.quickenloans.com/learn/how-to-sell-your-house-yourself-guide,https://www.bhhs.com/sell-your-home,https://www.upnest.com/1/post/10-reasons-not-to-sell-by-owner-fsbo/
where to sell my home,6,48,35,44,65,30,84,52.27,0.75,13310000000,informational,https://www.homelight.com/blog/need-to-sell-my-house-fast/,https://themortgagereports.com/42639/what-does-a-real-estate-agent-do-to-sell-your-home,https://www.quickenloans.com/learn/how-to-sell-your-house-yourself-guide,https://www.bhhs.com/sell-your-home,https://www.upnest.com/1/post/should-you-sell-your-house-for-cash/
